country,site,latitude,longitude
Fiji,BU03,-17.734462,178.59043
Fiji,BU08,-17.725,178.751
Fiji,BU09,-17.751,178.778
Fiji,NAO1,-17.746,178.827
Fiji,NAO3,-17.74,178.812
Fiji,NAOBF3,-17.598,178.825
Fiji,NAOBF4,-17.595,178.819
Fiji,VIR10,-17.4785,178.4892
Fiji,VIR11,-17.3589,178.4398
Fiji,VIR6,-17.4611,178.4942
Fiji,VIR7,-17.4466,178.4983
Indonesia,Anoi Hitam,5.825738056,95.37825389
Indonesia,Beurawang,5.777511111,95.33685194
Indonesia,Control Teunom 2,5.554888333,95.21267389
Indonesia,Deudap,5.607141944,95.19258111
Indonesia,Deudap 2,5.554888333,95.21267389
Indonesia,Jaboi,5.799778889,95.34604611
Indonesia,Kontrol Kota Atas,5.898000278,95.31451444
Indonesia,Lam Tadoh,5.600628056,95.124595
Indonesia,Lapeng,5.698566944,95.11094194
Indonesia,Leun Balee 1,5.7276,95.07301111
Indonesia,Lhok Weng,5.863641111,95.26643611
Indonesia,Lhong Angin 1,5.832608056,95.25836611
Indonesia,Lhong Angin 2,5.821983889,95.25977111
Indonesia,Paloh,5.664196111,95.09257694
Indonesia,Pemanfaatan Ie Meule,5.902357222,95.32695222
Indonesia,Reuteuk,5.857248889,95.36137889
Indonesia,Sumur Tiga,5.888368056,95.34547111
Indonesia,Ujung Kareung,5.876188889,95.35363575
Tanzania,Amana1,-8.7109,39.46088
Tanzania,Amana2,-8.70167,39.46367
Tanzania,Amana3,-8.70047,39.46022
Tanzania,Aquarium,-4.96,39.66
Tanzania,Changale,-5.3118,39.06928
Tanzania,Changale,-5.3118,39.06928
Tanzania,Changale,-5.3118,39.06928
Tanzania,Changuu,-6.1176,39.1692
Tanzania,Changuu,-6.1176,39.1692
Tanzania,Changuu,-6.1176,39.1692
Tanzania,Changuu,-6.1176,39.1692
Tanzania,Chapwani,-6.066944444,39.11
Tanzania,Chapwani,-6.066944444,39.11
Tanzania,Chapwani,-6.066944444,39.11
Tanzania,Chapwani,-6.066944444,39.11
Tanzania,Chundo,-4.9027,39.28679
Tanzania,Chundo 2,-4.91238,39.28746
Tanzania,Dambwe East,-5.64383,39.00757
Tanzania,Dambwe West,-5.64102,39.00128
Tanzania,Fuguni,-5.26773,39.12693
Tanzania,Fuguni,-5.26773,39.12693
Tanzania,Fuguni,-5.26773,39.12693
Tanzania,Fuguni,-5.26773,39.12693
Tanzania,Fuguni,-5.26773,39.12693
Tanzania,FundoChannel,-5.0693,39.6553
Tanzania,FundoOuter,-5.0693,39.6553
Tanzania,Jewe1,-8.65335,39.45437
Tanzania,Jewe3,-8.6348,39.4882
Tanzania,KasaBoma,-4.84947,39.21726
Tanzania,Kieti,-10.34,40.374
Tanzania,Kipwamkandini,-4.841939975,39.24017399
Tanzania,Kokota,-5.1503,39.63075
Tanzania,Kwata,-5.3782,39.56608
Tanzania,Kwata 2,-5.35805,39.58064
Tanzania,Kwata 3,-5.35805,39.58064
Tanzania,Makome,-5.27985,39.11589
Tanzania,Makome,-5.27985,39.11589
Tanzania,Makome,-5.27985,39.11589
Tanzania,Makome Temp,-5.2811,39.11554
Tanzania,Makome Temp,-5.2811,39.11554
Tanzania,Manta,-4.8857,39.67535
Tanzania,Mgandi,-4.825184969,39.22256403
Tanzania,Mivinjeni,-10.28,40.4
Tanzania,Mkaya1,-8.73467,39.50657
Tanzania,Mkaya2,-8.73448,39.51722
Tanzania,Mmongo,-10.27,40.33
Tanzania,MnaraniCorner,-4.8398,39.68116
Tanzania,Mtaa,-4.87009,39.31181
Tanzania,Mwamba Nyama4,-5.01021,39.22058
Tanzania,Mwamba Nyama5,-5.03392,39.20842
Tanzania,Mwamba Nyama6,-5.0402,39.21925
Tanzania,Mwamba Nyama Patch1,-5.02282,39.214086
Tanzania,Mwamba Nyama Patch2,-5.02282,39.214086
Tanzania,Mwamba Nyama South,-5.03502,39.20721
Tanzania,Mwamba wa kati,-8.63447,39.51503
Tanzania,Namponda,-10.28,40.38
Tanzania,Ngoa,-4.9646,39.6628
Tanzania,Panza Lagoon,-5.47884,39.62224
Tanzania,Panza Wreck,-5.48256,39.62904
Tanzania,Pemba Matumbini,-5.3961,39.55704
Tanzania,Ruvula,-10.3,40.38
Tanzania,Taa,-5.3031,39.0982
Tanzania,Taa,-5.3031,39.0982
Tanzania,Taa,-5.3031,39.0982
Tanzania,Ulenge,-5.02543,39.16558
Tanzania,Ulenge 2- 3m,-5.011961,39.165986
Tanzania,Ulenge 2- 7m,-5.01226,39.16722
Tanzania,Ulenge Lighthouse,-5.00582,39.16917
Tanzania,Uvinge,-5.1351,39.6239
Tanzania,Yambe East,-5.11444,39.17922
Tanzania,Yambe North,-5.08979,39.16858
Mozambique,Baluba,-22.04,35.52
Mozambique,Londo 2,-12.93,40.51
Mozambique,Londo3 Outside,-12.91332,40.51946
Mozambique,Londo3 Outside,-12.91332,40.51946
Mozambique,Londo baobab,-12.9197,40.4999
Mozambique,Londo baobab,-12.9197,40.4999
Mozambique,Londo baobab,-12.9197,40.4999
Mozambique,Londo outside 2012,-12.9286,40.5069
Mozambique,Motiva,-14.4274,40.72038
Mozambique,Nairete,-14.44934,40.67789
Mozambique,Paradise 1,-14.45889,40.65984
Mozambique,Paradise 2,-14.43053,40.65155
Mozambique,Pemba 1,-12.96139,40.55917
Mozambique,Pemba 4,-12.9647,40.59254
Mozambique,Pemba 5,-12.95634,40.58707
Mozambique,Pemba 6,-12.95558,40.58472
Mozambique,Pemba Shallows,-12.961389,40.559167
Mozambique,Pemba Shallows,-12.961389,40.559167
Indonesia,Control Pasi,5.19622,95.26637
Indonesia,Pulau Pasie,4.616389,95.574139
Madagascar,Antsa_09,-22.78652,43.33463
Madagascar,Iha_01,-15.49041,49.89995
Madagascar,Iha_02,-15.47062,49.89058
Madagascar,Marofot_01,-15.77711,50.00177
Madagascar,Marofot_02,-15.7567,49.97539
Madagascar,NS01,-13.29055,48.15712
Madagascar,Ankarea_03,-12.845278,48.574083
Madagascar,Antsoa_07,-12.985736,48.577917
Madagascar,Beangovo_04,-13.002778,48.497639
Madagascar,NosyFisaka_02,-12.74733,48.592333
Madagascar,Nosy Komba,-13.43711,48.3471
Madagascar,Tandavandriva_North,-13.18982,48.17449
Madagascar,Tandavandriva_West,-13.3116,48.02728
Madagascar,Tsarabanjina_08,-13.034944,48.549417
Indonesia,Cendekian,-5.80419,110.55876
Indonesia,Genting 1,-5.86211,110.60538
Indonesia,Genting 2,-5.8336,110.60616
Indonesia,Genting 3,-5.84098,110.61131
Fiji,K_E10,-16.2900919,179.0373739
Fiji,K_E9,-16.2805319,179.0395239
Fiji,K_E9,-16.2805319,179.0395239
Indonesia,Sea Site,-8.4078,117.44772
Indonesia,Tanjung Bara,-8.40459,117.56184
Indonesia,Tanjung Menangis,-8.40283,117.43035
Indonesia,Cendekian,-5.80419,110.55876
Indonesia,Genting 1,-5.86211,110.60538
Indonesia,Genting 2,-5.8336,110.60616
Indonesia,Genting 3,-5.84098,110.61131
Fiji,BUA24A,-16.838822,178.523042
Fiji,BUA25,-16.84262,178.539783
Fiji,KB09,-16.96729,178.99922
Fiji,KB17,-16.95352,179.00135
Fiji,KR7,-16.9439,178.97691
Fiji,NTRFN1,-17.509,178.382
Fiji,NTRFN7,-17.516,178.398
Fiji,NTRFT5,-17.499,178.381
Fiji,Ada01,-17.19859,-179.01408
Fiji,Ada04,-17.2061,-179.01196
Fiji,Kan03,-17.25385,-179.13147
Fiji,Kan04,-17.22413,-179.08215
Fiji,Kan05,-17.26847,-179.17772
Fiji,Kan06,-17.25014,-179.17595
Fiji,Kan07,-17.25005,-179.12773
Fiji,Vatu01,-17.43846,-179.53204
Fiji,Vatu02,-17.44287,-179.54608
Fiji,Vatu03,-17.43134,-179.549
Fiji,Vatu04,-17.41956,-179.5347
Fiji,Vatu05,-17.43272,-179.5182
Fiji,Vatu06,-17.44051,-179.52986
Fiji,Yac01,-17.25782,-179.55023
Fiji,Yac03,-17.26381,-179.50087
Fiji,Yac04,-17.2665,-179.48424
Fiji,Yac05,-17.25255,-179.5032
Fiji,Yac06,-17.23642,-179.52521
Fiji,Yac07,-17.24219,-179.51791
Fiji,Yac08,-17.23875,-179.50404
Fiji,Yac09,-17.23876,-179.49728
Fiji,Yac11,-17.26002,-179.49187
Fiji,Yac13,-17.2482,-179.54135
Fiji,Yac15,-17.24652,-179.53996
Fiji,Yac16,-17.25345,-179.5475
Fiji,Yac19,-17.26797,-179.47536
Fiji,Yac20,-17.26024,-179.5497
Fiji,BUA04,-16.896101,178.47759
Fiji,BUA07A,-16.83297,178.557182
Fiji,BUA24A,-16.838822,178.523042
Fiji,BUA25,-16.84262,178.539783
Fiji,KB09,-16.96729,178.99922
Fiji,KB17,-16.95352,179.00135
Fiji,KR7,-16.9439,178.97691
Fiji,NAOBF3,-17.598,178.825
Fiji,NAOBF4,-17.595,178.819
Fiji,NTRFN1,-17.509,178.382
Fiji,NTRFN7,-17.516,178.398
Fiji,C13,-17.0476,178.9761
Fiji,C13,-17.0476,178.9761
Fiji,C13,-17.0476,178.9761
Fiji,C3,-17.063367,179.020033
Fiji,C3,-17.063367,179.020033
Fiji,C3,-17.063367,179.020033
Fiji,C5,-17.060783,179.0013
Fiji,C5,-17.060783,179.0013
Fiji,C5,-17.060783,179.0013
Fiji,KB06,-17.0712,179.0342
Fiji,KB06,-17.0712,179.0342
Fiji,KB06,-17.0712,179.0342
Fiji,KB06,-17.0712,179.0342
Fiji,KB07,-17.08317,179.04076
Fiji,KB07,-17.08317,179.04076
Fiji,KB07,-17.08317,179.04076
Fiji,KB09,-16.96729,178.99922
Fiji,KB09,-16.96729,178.99922
Fiji,KB09,-16.96729,178.99922
Fiji,KB13,-16.91,179.1059
Fiji,KB13,-16.91,179.1059
Fiji,KB14,-16.889,179.1018
Fiji,KB14,-16.889,179.1018
Fiji,KB15,-16.93207,179.08084
Fiji,KB17,-16.95352,179.00135
Fiji,KB17,-16.95352,179.00135
Fiji,KR7,-16.9439,178.97691
Fiji,MAP02,-16.9191,179.0367
Fiji,MAP06,-16.8369,179.0801
Fiji,MAP07,-16.9599,178.9698
Fiji,MAP08,-16.9926,178.976039
Fiji,MAP09,-16.9592,178.9781
Fiji,MAP10,-16.9774,178.9824
Fiji,MAP11,-16.9754,178.9722
Fiji,MAP12,-16.9413,179.0036
Fiji,MAP13,-16.8877,179.0934
Fiji,MAP14,-16.902,179.0919
Fiji,MAP15,-16.1596,179.0788
Fiji,MAP16A,-16.9205,179.0766
Fiji,MAP17,-16.9141,179.0666
Fiji,MAP18,-16.8864,179.0757
Fiji,MAP20A,-16.8417,179.0912
Fiji,MAP21,-16.8541,179.0932
Fiji,MAP28,-16.8656,179.0415
Fiji,MO1,-17.0485,178.9554
Fiji,MO1,-17.0485,178.9554
Fiji,MO1,-17.0485,178.9554
Fiji,MO4,-16.975417,178.99725
Fiji,NKC,-16.8447,179.0695
Fiji,NOB2,-16.8978,179.105
Fiji,NOB2,-16.8978,179.105
Fiji,NOB2,-16.8978,179.105
Fiji,RF13,-16.9187,179.1032
Fiji,RF13,-16.9187,179.1032
Fiji,RF18,-16.9932,179.0162
Fiji,RF18,-16.9932,179.0162
Madagascar,S1J1C1,-13.3551,47.98186
Madagascar,S1j1C2,-13.35393,47.98103
Madagascar,S1J1C3,-13.35641,47.97983
Madagascar,S1J2C1,-13.34918,48.00336
Madagascar,S1J2C2,-13.34647,48.00336
Madagascar,S1J2C3,-13.34877,48.00048
Madagascar,S1J2C3,-13.34877,48.00048
Madagascar,S1J3C1,-13.32772,48.01737
Madagascar,S1J4D1,-13.3141,48.02585
Madagascar,S1J4D2,-13.3116,48.02728
Madagascar,S1J4D3,-13.31495,48.02864
Madagascar,S1J6D1,-13.28593,48.03041
Madagascar,S1J6D2,-13.28824,48.03196
Madagascar,S1J6D3,-13.28459,48.03297
Madagascar,S1J6E1,-13.26823,48.01257
Madagascar,S1J6E2,-13.27086,48.01406
Madagascar,S1J6E3,-13.27223,48.01666
Madagascar,S2J2B1,-13.22509,48.07775
Madagascar,S2J2B2,-13.22223,48.072411
Madagascar,S2J2B3,-13.22334,48.07532
Madagascar,S2J3A1,-13.24049,48.15931
Madagascar,S2J3A2,-13.24513,48.15619
Madagascar,S2J3A3,-13.24267,48.15798
Madagascar,S2J5D1,-13.19054,48.17632
Madagascar,S2J5D2,-13.18982,48.17449
Madagascar,S2J5D3,-13.19185,48.17305
Madagascar,S3J2B1,-13.10248,48.23003
Madagascar,S3J2B2,-13.10612,48.23159
Madagascar,S3J3B1,-13.07287,48.24871
Madagascar,S3J3C,-13.05642,48.22301
Madagascar,S3J4B1,-13.05213,48.23666
Madagascar,S3J4B2,-13.04991,48.23211
Madagascar,S3J5B1,-13.02945,48.28634
Madagascar,S3J5B2,-13.03139,48.28535
Madagascar,S3J6A1,-13.02446,48.29053
Madagascar,S3J6A2,-13.02197,48.29816
Fiji,BUA01A,-16.8277,178.351275
Fiji,BUA01B,-16.821882,178.358538
Fiji,BUA02A,-16.811301,178.173314
Fiji,BUA03A,-16.889472,178.479504
Fiji,BUA04,-16.896101,178.47759
Fiji,BUA05,-16.946311,178.450133
Fiji,BUA06A,-16.954782,178.476185
Fiji,BUA07A,-16.83297,178.557182
Fiji,BUA08A,-16.8494,178.543537
Fiji,BUA09A,-16.803491,178.324957
Fiji,BUA10A,-16.837014,178.273199
Fiji,BUA10B,-16.829014,178.275178
Fiji,BUA12A,-16.677986,178.483719
Fiji,BUA17A,-16.775919,178.407411
Fiji,BUA19,-16.826757,178.569836
Fiji,BUA22A,-16.81341,178.167516
Fiji,BUA24A,-16.838822,178.523042
Fiji,BUA25,-16.84262,178.539783
Fiji,BUA25A,-16.688053,178.476461
Fiji,BUA31A,-16.767019,178.420775
Fiji,BUA39,-16.794912,178.268345
Fiji,BUA40,-16.838237,178.30382
Fiji,BUA41,-16.837973,178.289428
Fiji,BUA42,-16.798135,178.307337
Fiji,BUA43,-16.796831,178.291324
Fiji,BUA44,-16.846508,178.324181
Fiji,BUA46,-16.833632,178.21648
Fiji,BUA47,-16.827814,178.376654
Fiji,DAM01A,-16.852215,178.510498
Fiji,DAM02A,-16.858351,178.528919
Fiji,DAM05,-16.886121,178.553044
Fiji,DAM06A,-16.9179,178.511939
Fiji,DAM07,-16.909849,178.594869
Fiji,DAM08A,-16.8902,178.60393
Fiji,DAM10A,-16.92092,178.604294
Fiji,DAM13A,-16.952751,178.487678
Fiji,DAM14,-16.933671,178.56121
Fiji,DAM15A,-16.933946,178.62169
Fiji,DAM16A,-16.91069,178.604418
Fiji,DAM17A,-16.870412,178.566264
Fiji,DAM18,-16.943229,178.487088
Fiji,DAM19,-16.935588,178.507157
Fiji,DAM20,-16.888132,178.619
Fiji,DAM22,-16.938472,178.569678
Fiji,DAM24,-16.902319,178.568761
Fiji,LKN01,-16.519228,178.6986
Fiji,LKN02A,-16.483683,178.776548
Fiji,LKN05A,-16.572249,178.684113
Fiji,LKN06A,-16.571406,178.695908
Fiji,LKN07A,-16.588698,178.692922
Fiji,LKN08A,-16.584868,178.695599
Fiji,LKN11A,-16.602339,178.618038
Fiji,LKN14,-16.619766,178.538709
Fiji,LKN15,-16.505782,178.679571
Fiji,LKN17A,-16.544447,178.624206
Fiji,LKN20A,-16.544822,178.662773
Fiji,LKN21A,-16.510794,178.750171
Fiji,LKN24A,-16.497988,178.766056
Fiji,LKN31A,-16.672689,178.49641
Fiji,LKN33A,-16.481716,178.749017
Fiji,LKN34A,-16.524794,178.738048
Fiji,LKN35A,-16.5302,178.726918
Fiji,LKN36,-16.521164,178.66492
Fiji,LKN37A,-16.514113,178.649745
Fiji,LKN38,-16.591495,178.528198
Fiji,LKN53A,-16.5446,178.607849
Fiji,LKN55A,-16.585149,178.547607
Fiji,LKN68,-16.578535,178.634581
Fiji,LKN69,-16.568415,178.609725
Fiji,LKN70,-16.538965,178.642406
Fiji,LKN71,-16.615225,178.660499
Fiji,LKN72,-16.554424,178.643376
Fiji,VUY16,-16.997092,178.681216
Fiji,VUY17,-16.999771,178.678069
Fiji,VUY18,-16.960078,178.65018
Fiji,BuC1,-17.64,178.708
Fiji,BuC2,-17.652,178.703
Fiji,BuC3,-17.642,178.745
Fiji,BuC4,-17.652,178.745
Fiji,BuC5,-17.63,178.758
Fiji,BuC6,-17.675,178.693
Fiji,BuE1,-17.736001,178.74001
Fiji,BuE2,-17.699,178.74
Fiji,BuE4,-17.759,178.724
Fiji,BuE5,-17.714,178.712
Fiji,BuE6,-17.706,178.715
Fiji,DamC1,-16.83556,178.5269
Fiji,DamC8,-16.845049,178.537336
Fiji,DamE1,-16.91083,178.60001
Fiji,DamE6,-16.91833,178.6192
Fiji,DawaC1,-17.627,178.559
Fiji,DawaC2,-17.605,178.558
Fiji,DawaC3,-17.632,178.582
Fiji,DawaC4,-17.579,178.553
Fiji,DawaC5,-17.702,178.601
Fiji,DawaC6,-17.6759,178.61905
Fiji,DawaE1,-17.57421,178.48918
Fiji,DawaE2,-17.565,178.474
Fiji,DawaE3,-17.555,178.463
Fiji,DawaE4,-17.556,178.482
Fiji,DawaE5,-17.542,178.5
Fiji,DawaE6,-17.546,178.508
Fiji,WaiE1,-17.766001,178.63699
Fiji,WaiE2,-17.812001,178.66299
Fiji,WaiE3,-17.782001,178.689001
Fiji,WaiE4,-17.78621,178.6909
Fiji,WaiE5,-17.780001,178.645001
Fiji,WaiE6,-17.78236,178.64542
Mauritius,Anenome/Mahebourg,-20.39954,57.72158
Mauritius,Belombre/Edge,-20.51507,57.40387
Mauritius,Belombre lagoon,-20.5033,57.3889
Mauritius,Chilli drop,-20.04269,57.52682
Mauritius,Flic&Flac Reef lagoon,-20.2778,57.3653
Mauritius,Flic&Flac ReefSlope,-20.27743,57.359787
Mauritius,Shandrani/BlueBay,-20.44441,57.70743
Indonesia,Bunutan,-8.72336,116.0463
Indonesia,Dusun Medang,-8.72316,116.0391
Indonesia,Lohlandak,-8.71687,116.0355
Tanzania,Bawe dive site,-6.157152778,39.133875
Tanzania,Bawe North,-6.146322222,39.13839444
Tanzania,Changuu,-6.1176,39.1692
Tanzania,Chapwani,-6.066944444,39.11
Tanzania,Pungume edge,-6.430130556,39.35333056
Tanzania,Pungume Lighthouse,-6.439730556,39.33386944
Tanzania,Pungume North,-6.416727778,39.33825556
Tanzania,Pungume South,-6.41935,39.34175
Fiji,BUA04,-16.896101,178.47759
Fiji,BUA25,-16.84262,178.539783
Fiji,NAOBF3,-17.598,178.825
Fiji,NAOBF4,-17.595,178.819
Fiji,NTRFN1,-17.509,178.382
Fiji,NTRFN7,-17.516,178.398
Indonesia,Gili Dewa,-8.66031,118.05218
Indonesia,Gili Tai Kebo,-8.65891,117.88732
Indonesia,Kampung Pecak,-8.66034,118.06315
Indonesia,Labajo,-8.67043,117.95738
Indonesia,Panjang 1,-8.6097,117.87382
Indonesia,Panjang 2,-8.61,117.86488
Indonesia,Pulau Bakau,-8.69103,118.01315
Indonesia,Pulau Lipan,-8.65793,117.85704
Indonesia,Takad Tabampang,-8.61008,118.0866
Indonesia,Takad Tanjung Billa,-8.62185,117.99878
Indonesia,Tanjung Batu,-8.66761,118.00719
Indonesia,Tanjung Lepek Tambora,-8.60849,117.97827
Indonesia,Tanjung Padang,-8.61301,117.9498
Indonesia,Tanjung Sentigi,-8.628,117.95365
Indonesia,Tanjung Tengah,-8.69207,117.98892
Solomon Islands,P10,-8.163763,156.997931
Solomon Islands,P11,-8.157302,157.007072
Solomon Islands,P12,-8.148056,157.019398
Solomon Islands,P13,-8.188337,156.958109
Solomon Islands,P14,-8.20477,156.963603
Solomon Islands,P15,-8.218504,156.97637
Solomon Islands,P16,-8.222677,156.996834
Solomon Islands,P17,-8.230893,157.013827
Solomon Islands,P18,-8.247339,157.029026
Solomon Islands,P4,-8.15584,156.95831
Solomon Islands,P6,-8.163896,156.970022
Solomon Islands,P7,-8.167485,156.9768
Fiji,C3,-17.063367,179.020033
Fiji,C3,-17.063367,179.020033
Fiji,C5,-17.060783,179.0013
Fiji,C5,-17.060783,179.0013
Fiji,Horse1,-17.48974,178.60028
Fiji,Horse2,-17.50096,178.59187
Fiji,Horse3,-17.50477,178.60004
Fiji,KB06,-17.0712,179.0342
Fiji,KB06,-17.0712,179.0342
Fiji,KB07,-17.08317,179.04076
Fiji,KB07,-17.08317,179.04076
Fiji,KB07,-17.08317,179.04076
Fiji,MM1,-17.3453951,178.5225964
Fiji,VIR6,-17.4611,178.4942
Fiji,VIR6,-17.4611,178.4942
Fiji,VIR7,-17.4466,178.4983
Fiji,VIR7,-17.4466,178.4983
Indonesia,Kayuadi Barat,-6.80719,120.775
Indonesia,Kayuadi Tenggara,-6.83133,120.81421
Indonesia,Kayuadi Timur,-6.78968,120.8084
Fiji,BU01,-17.75097551,178.7739944
Fiji,BU03,-17.734462,178.59043
Fiji,BU04,-17.71958293,178.741848
Fiji,BU05,-17.69145574,178.7364636
Fiji,BU10,-17.61911,178.77931
Fiji,LV01,-17.61747,178.79463
Fiji,LV05,-17.65785,178.8392
Fiji,LV07,-17.65547269,178.7440167
Fiji,LV08,-17.598,178.82516
Fiji,LV12,-17.56563,178.85141
Fiji,LV13,-17.61565,178.83603
Fiji,LV14,-17.66594123,178.8465614
Fiji,LV15,-17.64949,178.84181
Fiji,LV16,-17.65072,178.82857
Fiji,LV17,-17.65350977,178.7079048
Fiji,NA02,-17.72484,178.82768
Fiji,NA03,-17.74018493,178.8100433
Fiji,NA05,-17.72,178.85115
Fiji,NA07,-17.73409,178.84105
Fiji,TY06,-18.99221667,-179.8502833
Fiji,TY10,-19.00768333,-179.8595667
Fiji,TY12,-19.20944444,-179.9563889
Fiji,TY13,-18.99095,-179.8567167
Fiji,TY15,-18.99406667,-179.85595
Fiji,KD2,-17.3392,179.3717
Fiji,MD1,-17.3951,179.3662
Fiji,MD4,-17.4045,179.3866
Fiji,NC1,-17.2389,179.4391
Fiji,NC2,-17.2511,179.4384
Fiji,NF1,-17.3848,179.4099
Fiji,NF3,-17.3787,179.4189
Fiji,NF4,-17.3709,179.4239
Fiji,NS1,-17.3378,179.4467
Fiji,NV1,-17.294,179.3578
Fiji,TF1,-17.30246,179.4471
Fiji,TF2,-17.2996,179.45132
Fiji,TF3,-17.29677,179.44435
Fiji,TF4,-17.27405,179.43878
Fiji,TF5,-17.26915,179.43959
Fiji,TT2,-17.287,179.44337
Fiji,TT3,-17.28759,179.4375
Fiji,V1,-17.2403,179.3944
Fiji,V2,-17.2263,179.3613
Fiji,V3,-17.2569,179.3589
Fiji,V4,-17.2554,179.3447
Fiji,V5,-17.2665,179.3503
Solomon Islands,Chubikopi 4,-8.45777,158.05919
Solomon Islands,Chubikopi 5,-8.46183,158.07201
Solomon Islands,Chubikopi 6,-8.47539,158.06383
Solomon Islands,Malemale 1,-8.78811,158.25349
Solomon Islands,Malemale 2,-8.78602,158.24794
Solomon Islands,Mbulo 1,-8.75584,158.29172
Solomon Islands,Mbulo 2,-8.7554,158.2869
Solomon Islands,Mbulo 4,-8.75722,158.27533
Solomon Islands,Peava 1,-8.79576,158.24156
Solomon Islands,Peava 2,-8.78814,158.23734
Solomon Islands,Zaira 3,-8.76221,157.9538
Solomon Islands,Zaira 4,-8.75989,157.9485
Solomon Islands,Zaira F 1,-8.79491,157.99971
Solomon Islands,Zaira F 2,-8.79598,157.98672
Solomon Islands,Zaira F 3,-8.80348,157.98112
Fiji,C13,-17.0476,178.9761
Fiji,C3,-17.063367,179.020033
Fiji,C5,-17.060783,179.0013
Fiji,KB07,-17.08317,179.04076
Fiji,NAD001,-17.05482602,178.9151571
Fiji,NAD002,-17.05102458,178.910541
Fiji,NAD004,-17.03807619,178.9373656
Fiji,NAD005,-17.0347327,178.9203162
Fiji,NAD006,-17.03120279,178.9222169
Fiji,NAD007,-16.96630678,178.7929679
Fiji,NAD008,-16.96331994,178.8011139
Fiji,NAD009,-16.95775539,178.8108583
Fiji,NAD010,-16.9492003,178.8060015
Fiji,NAD012,-16.94132589,178.8217503
Fiji,NAD013,-16.93399454,178.8119751
Fiji,NAD016,-16.92557707,178.8198496
Fiji,NAD019,-16.91987491,178.8326115
Fiji,NAD020,-16.92340482,178.8423867
Fiji,NAD021,-16.91254356,178.8388568
Fiji,NAD103,-17.047288,178.911822
Fiji,NAD111,-16.951638,178.816601
Fiji,NAD117,-16.934046,178.830992
Fiji,SOL001A,-17.094474,178.777817
Fiji,SOL002,-17.09148276,178.7788483
Fiji,SOL003,-17.08747731,178.7785938
Fiji,SOL004,-17.0930191,178.785561
Fiji,SOL005,-17.09121123,178.7883519
Fiji,SOL006,-17.09089016,178.7910955
Fiji,SOL007,-17.097643,178.797611
Fiji,SOL008,-17.093721,178.797855
Fiji,SOL009,-17.09107596,178.7989416
Fiji,SOL010,-17.10324043,178.8043404
Fiji,SOL012,-17.09637033,178.8054584
Fiji,SOL013,-17.09066817,178.8079022
Fiji,SOL014,-17.08766966,178.8036246
Fiji,SOL015,-17.08578061,178.8119751
Fiji,SOL016,-17.08183199,178.8094918
Fiji,SOL017,-17.08578061,178.819578
Fiji,SOL018,-17.08257432,178.8184802
Fiji,SOL019,-17.08876745,178.8269094
Fiji,SOL021,-17.08116685,178.8238992
Fiji,SOL022,-17.08821234,178.8455915
Fiji,SOL023,-17.08469448,178.8388568
Fiji,SOL024,-17.08306529,178.8453735
Fiji,SOL025,-17.08523754,178.8559632
Fiji,SOL026,-17.07838168,178.864164
Fiji,SOL027,-17.06867413,178.8651953
Fiji,SOL028,-17.06487269,178.8730697
Fiji,SOL029,-17.06344948,178.8907002
Fiji,SOL030,-17.05699827,178.8836594
Fiji,SOL031,-17.01453925,178.7704546
Fiji,SOL033,-16.98151254,178.7992132
Fiji,SOL034,-17.01898388,178.8396713
Fiji,SOL035,-17.01681162,178.8377706
Fiji,SOL111,-17.09916913,178.8058997
Fiji,SOL120,-17.081489,178.823896
Fiji,SOL132,-16.99997668,178.7929679
Fiji,WAL001,-16.82239513,179.0647709
Fiji,WAL002,-16.8264681,179.0824204
Fiji,WAL003,-16.8308126,179.091381
Fiji,WAL004,-16.84357458,179.1163619
Fiji,WAL007,-16.83297175,179.1202915
Fiji,WAL008,-16.83649677,179.1349619
Fiji,WAL009,-16.82454117,179.1350975
Fiji,WAL010,-16.82145165,179.1188595
Fiji,WAL012,-16.80067262,179.1109312
Fiji,WAL013,-16.82945495,179.1541047
Fiji,WAL014,-16.8264681,179.1516609
Fiji,WAL015,-16.81289153,179.1413428
Fiji,WAL016,-16.82701116,179.1663236
Fiji,WAL017,-16.82673963,179.1760988
Fiji,WAL018,-16.82518009,179.1999935
Fiji,WAL019,-16.8160516,179.1593566
Fiji,WAL020,-16.79924293,179.1493956
Fiji,WAL021,-16.79469892,179.1470449
Fiji,WAL022,-16.78872577,179.1525273
Fiji,WAL023,-16.79144055,179.1288523
Fiji,WAL024,-16.78953983,179.1204348
Fiji,WAL025,-16.77297641,179.1234217
Fiji,WAL026,-16.76455894,179.130753
Fiji,WAL028,-16.77053263,179.1462303
Fiji,WAL029,-16.76890344,179.1565485
Fiji,WAL031,-16.75652101,179.1505874
Fiji,WAL040,-16.72676362,179.1729849
Fiji,WAL041,-16.717584,179.1866885
Fiji,WAL042,-16.70998112,179.1961921
Fiji,WAL043,-16.70482202,179.204338
Fiji,WAL045,-16.70279199,179.2181861
Fiji,WAL047,-16.70237824,179.2409948
Fiji,WAL049,-16.786569,179.129152
Fiji,WAL105,-16.837303,179.116745
Fiji,WAL106,-16.840114,179.11005
Fiji,WAL111,-16.806726,179.092997
Fiji,WAL133,-16.761814,179.175588
Fiji,WAL144,-16.704657,179.212374
Fiji,WAN001,-16.91580194,178.849718
Fiji,WAN002,-16.91037131,178.8459166
Fiji,WAN003,-16.9060422,178.8565151
Fiji,WAN005,-16.8921787,178.8524333
Fiji,WAN006,-16.89109258,178.8611223
Fiji,WAN007,-16.933791,178.910609
Fiji,WAN008,-16.93290842,178.9004944
Fiji,WAN009,-16.92458971,178.9021558
Fiji,WAN010,-16.88403276,178.8684537
Fiji,WAN011,-16.88403276,178.8861032
Fiji,WAN012,-16.88701961,178.8901762
Fiji,WAN013,-16.87642988,178.8863748
Fiji,WAN016,-16.90141077,178.8996798
Fiji,WAN017,-16.89760933,178.899512
Fiji,WAN022,-16.901006,178.937061
Fiji,WAN023,-16.90385455,178.936065
Fiji,WAN024,-16.90982825,178.9338928
Fiji,WAN025,-16.9120005,178.9433964
Fiji,WAN026,-16.91227203,178.9512708
Fiji,WAN027,-16.91906031,178.9542576
Fiji,WAN028,-16.93643832,178.9634897
Fiji,WAN104,-16.900938,178.853935
Fiji,WAN118,-16.886173,178.899999
Fiji,WAN119,-16.89274,178.909496
Fiji,C3,-17.063367,179.020033
Fiji,C5,-17.060783,179.0013
Fiji,KB07,-17.08317,179.04076
Fiji,KBO6,-17.07122,179.03417
Solomon Islands,KOL01,-8.0274,156.94531
Solomon Islands,KOL03,-7.93487,156.94547
Solomon Islands,KOL04,-7.89869,156.9644
Solomon Islands,KOL05,-7.87425,156.99083
Solomon Islands,KOL06,-7.85451,157.02391
Solomon Islands,KOL07,-7.84697,157.05191
Solomon Islands,KOL08,-7.8414,157.07823
Solomon Islands,KOL10,-7.86354,157.12758
Solomon Islands,KOL11,-7.88505,157.15083
Solomon Islands,KOL12,-7.91001,157.17221
Solomon Islands,KOL13,-7.94788,157.18622
Solomon Islands,KOL14,-7.98155,157.19156
Solomon Islands,KOL15,-8.01851,157.18784
Solomon Islands,KOL16,-8.04992,157.19556
Solomon Islands,KOL17,-8.09123,157.18382
Solomon Islands,KOL18,-8.11311,157.17444
Solomon Islands,KOL19,-8.13276,157.15825
Solomon Islands,P10,-8.163763101,156.9979306
Solomon Islands,P12,-8.148055504,157.0193985
Solomon Islands,P4,-8.155840393,156.958322
Solomon Islands,P7,-8.167484826,156.9768003
Solomon Islands,V1,-8.051629305,156.9593951
Solomon Islands,V10,-8.099517948,157.0042949
Solomon Islands,V2A,-8.0582,156.9631
Solomon Islands,V4,-8.066409003,156.9683952
Solomon Islands,V5,-8.072163052,156.9722104
Solomon Islands,V6,-8.078424783,156.9779307
Solomon Islands,V7,-8.083954003,156.9833478
Solomon Islands,V8,-8.090079651,156.9894821
Indonesia,Barat Sire,-8.36794,116.0977778
Indonesia,Barat Sire,-8.36794,116.0977778
Indonesia,Tanjung Sire,-8.35934,116.1108333
Indonesia,Teluk Medane,-8.35713,116.1238889
Indonesia,Ujung Sire,-8.36065,116.0966667
Indonesia,Ujung Sire,-8.36065,116.0966667
Indonesia,Gili Bidara,-8.43886,116.73894
Indonesia,Gili Kondo,-8.44114,116.73247
Indonesia,Gili Petagan,-8.43483,116.75606
Madagascar,Antsa_09,-22.78652,43.33463